{
  "crisis": {
    "n_generated": 1000,
    "n_real_windows": 724,
    "sf_count": 4,
    "vol_mean_across_assets": 1.2573,
    "vol_max_asset": 1.6312,
    "mmd": 0.003989,
    "wasserstein_1d": 0.132425,
    "ks_stat": 0.0882,
    "ks_pvalue": 0.0,
    "moments": {
      "real": {
        "mean": -0.031860265880823135,
        "std": 1.6962295770645142,
        "skew": -0.21000511944293976,
        "kurtosis": 5.049539566040039
      },
      "synthetic": {
        "mean": 0.03148763254284859,
        "std": 1.29039466381073,
        "skew": -0.23871760070323944,
        "kurtosis": 0.9116706848144531
      },
      "abs_diff": {
        "mean": 0.063348,
        "std": 0.405835,
        "skew": 0.028712,
        "kurtosis": 4.137869
      }
    },
    "discriminative_score": 0.8135,
    "correlation_matrix_distance": 4.1247
  },
  "calm": {
    "n_generated": 1000,
    "n_real_windows": 2112,
    "sf_count": 3,
    "vol_mean_across_assets": 0.3348,
    "vol_max_asset": 0.5441,
    "mmd": 0.012204,
    "wasserstein_1d": 0.109689,
    "ks_stat": 0.0952,
    "ks_pvalue": 0.0,
    "moments": {
      "real": {
        "mean": 0.008634568192064762,
        "std": 0.6557368636131287,
        "skew": -0.49719902873039246,
        "kurtosis": 5.490817070007324
      },
      "synthetic": {
        "mean": 0.027891525998711586,
        "std": 0.44311103224754333,
        "skew": 0.23407778143882751,
        "kurtosis": 0.9653961658477783
      },
      "abs_diff": {
        "mean": 0.019257,
        "std": 0.212626,
        "skew": 0.731277,
        "kurtosis": 4.525421
      }
    },
    "discriminative_score": 1.0,
    "correlation_matrix_distance": 5.5727
  },
  "normal": {
    "n_generated": 1000,
    "n_real_windows": 2457,
    "sf_count": 4,
    "vol_mean_across_assets": 0.5614,
    "vol_max_asset": 0.6802,
    "mmd": 0.02764,
    "wasserstein_1d": 0.205605,
    "ks_stat": 0.134,
    "ks_pvalue": 0.0,
    "moments": {
      "real": {
        "mean": 0.0030643295031040907,
        "std": 0.9525977969169617,
        "skew": -0.19135458767414093,
        "kurtosis": 4.182893753051758
      },
      "synthetic": {
        "mean": 0.02864052914083004,
        "std": 0.5650878548622131,
        "skew": -0.18963119387626648,
        "kurtosis": 5.115039825439453
      },
      "abs_diff": {
        "mean": 0.025576,
        "std": 0.38751,
        "skew": 0.001723,
        "kurtosis": 0.932146
      }
    },
    "discriminative_score": 0.7819,
    "correlation_matrix_distance": 1.9231
  }
}