{
  "1.0": {
    "crisis": {
      "sf": 4,
      "disc": 0.697,
      "mmd": 0.00852,
      "vol": 1.5144
    },
    "calm": {
      "sf": 3,
      "disc": 0.955,
      "mmd": 0.05463,
      "vol": 0.2856
    },
    "normal": {
      "sf": 4,
      "disc": 0.768,
      "mmd": 0.02596,
      "vol": 0.5532
    }
  },
  "2.0": {
    "crisis": {
      "sf": 4,
      "disc": 0.82,
      "mmd": 0.02787,
      "vol": 1.7876
    },
    "calm": {
      "sf": 3,
      "disc": 1.0,
      "mmd": 0.04903,
      "vol": 0.2701
    },
    "normal": {
      "sf": 4,
      "disc": 0.709,
      "mmd": 0.01422,
      "vol": 0.6273
    }
  },
  "3.0": {
    "crisis": {
      "sf": 4,
      "disc": 0.873,
      "mmd": 0.03162,
      "vol": 1.8147
    },
    "calm": {
      "sf": 3,
      "disc": 1.0,
      "mmd": 0.03447,
      "vol": 0.2822
    },
    "normal": {
      "sf": 4,
      "disc": 0.7,
      "mmd": 0.00481,
      "vol": 0.6882
    }
  },
  "5.0": {
    "crisis": {
      "sf": 4,
      "disc": 0.898,
      "mmd": 0.01825,
      "vol": 1.6242
    },
    "calm": {
      "sf": 3,
      "disc": 1.0,
      "mmd": 0.01112,
      "vol": 0.3472
    },
    "normal": {
      "sf": 4,
      "disc": 0.71,
      "mmd": 0.00414,
      "vol": 0.7524
    }
  },
  "7.0": {
    "crisis": {
      "sf": 4,
      "disc": 0.917,
      "mmd": 0.00396,
      "vol": 1.3908
    },
    "calm": {
      "sf": 3,
      "disc": 1.0,
      "mmd": 0.00086,
      "vol": 0.4871
    },
    "normal": {
      "sf": 4,
      "disc": 0.707,
      "mmd": 0.00555,
      "vol": 0.7943
    }
  }
}