{
  "crisis": {
    "n_generated": 1000,
    "n_real_windows": 724,
    "sf_count": 2,
    "vol_mean_across_assets": 1.4244,
    "vol_max_asset": 1.8288,
    "mmd": 0.0083,
    "wasserstein_1d": 0.169867,
    "ks_stat": 0.056,
    "ks_pvalue": 0.0,
    "moments": {
      "real": {
        "mean": -0.031860265880823135,
        "std": 1.6962295770645142,
        "skew": -0.21000511944293976,
        "kurtosis": 5.049539566040039
      },
      "synthetic": {
        "mean": -0.03697342425584793,
        "std": 1.4631564617156982,
        "skew": -0.2229810208082199,
        "kurtosis": 0.46137547492980957
      },
      "abs_diff": {
        "mean": 0.005113,
        "std": 0.233073,
        "skew": 0.012976,
        "kurtosis": 4.588164
      }
    },
    "discriminative_score": 0.8045,
    "correlation_matrix_distance": 4.1466
  },
  "calm": {
    "n_generated": 1000,
    "n_real_windows": 2112,
    "sf_count": 3,
    "vol_mean_across_assets": 0.4479,
    "vol_max_asset": 0.7257,
    "mmd": 0.005204,
    "wasserstein_1d": 0.0846,
    "ks_stat": 0.0766,
    "ks_pvalue": 0.0,
    "moments": {
      "real": {
        "mean": 0.008634568192064762,
        "std": 0.6557368636131287,
        "skew": -0.49719902873039246,
        "kurtosis": 5.490817070007324
      },
      "synthetic": {
        "mean": 0.0002930256014224142,
        "std": 0.49779149889945984,
        "skew": -0.40522927045822144,
        "kurtosis": 0.838273286819458
      },
      "abs_diff": {
        "mean": 0.008342,
        "std": 0.157945,
        "skew": 0.09197,
        "kurtosis": 4.652544
      }
    },
    "discriminative_score": 0.9184,
    "correlation_matrix_distance": 6.0818
  },
  "normal": {
    "n_generated": 1000,
    "n_real_windows": 2457,
    "sf_count": 4,
    "vol_mean_across_assets": 0.6533,
    "vol_max_asset": 0.7937,
    "mmd": 0.011776,
    "wasserstein_1d": 0.14634,
    "ks_stat": 0.0958,
    "ks_pvalue": 0.0,
    "moments": {
      "real": {
        "mean": 0.0030643295031040907,
        "std": 0.9525977969169617,
        "skew": -0.19135458767414093,
        "kurtosis": 4.182893753051758
      },
      "synthetic": {
        "mean": 0.03478115051984787,
        "std": 0.6591165661811829,
        "skew": -0.10045982897281647,
        "kurtosis": 2.3547205924987793
      },
      "abs_diff": {
        "mean": 0.031717,
        "std": 0.293481,
        "skew": 0.090895,
        "kurtosis": 1.828173
      }
    },
    "discriminative_score": 0.7009,
    "correlation_matrix_distance": 2.0804
  }
}